Layer,Accuracy,Precision,Recall,F1 Score
0,0.875,0.875,0.875,0.875
1,0.75,0.75,0.75,0.75
2,0.90625,0.9074900793650793,0.90625,0.9059729064039409
3,0.9375,0.944078947368421,0.9375,0.9370039682539681
4,0.9375,0.944078947368421,0.9375,0.9370039682539681
5,1.0,1.0,1.0,1.0
6,0.96875,0.970486111111111,0.96875,0.9686576354679803
7,1.0,1.0,1.0,1.0
8,1.0,1.0,1.0,1.0
9,1.0,1.0,1.0,1.0
10,1.0,1.0,1.0,1.0
11,1.0,1.0,1.0,1.0
