Layer,Accuracy,Precision,Recall,F1 Score
0,0.34375,0.3296875,0.34375,0.3338963963963964
1,0.5625,0.5669117647058823,0.5625,0.5625
2,0.5625,0.5736336032388664,0.5625,0.5590686274509804
3,0.53125,0.533203125,0.53125,0.531708211143695
4,0.78125,0.7814980158730158,0.78125,0.7806034482758621
5,1.0,1.0,1.0,1.0
6,1.0,1.0,1.0,1.0
7,1.0,1.0,1.0,1.0
8,1.0,1.0,1.0,1.0
9,1.0,1.0,1.0,1.0
10,0.96875,0.970703125,0.96875,0.9687805474095796
11,0.96875,0.970703125,0.96875,0.9687805474095796
