Layer,Accuracy,Precision,Recall,F1 Score
0,0.59375,0.7697916666666667,0.59375,0.4946026282853567
1,0.59375,0.6551339285714286,0.59375,0.5258040935672514
2,0.71875,0.7234375,0.71875,0.714527027027027
3,0.90625,0.908203125,0.90625,0.9063416422287389
4,0.78125,0.8082386363636364,0.78125,0.7733974358974358
5,1.0,1.0,1.0,1.0
6,1.0,1.0,1.0,1.0
7,1.0,1.0,1.0,1.0
8,1.0,1.0,1.0,1.0
9,1.0,1.0,1.0,1.0
10,0.96875,0.970703125,0.96875,0.9687805474095796
11,1.0,1.0,1.0,1.0
