Layer,Accuracy,Precision,Recall,F1 Score
0,0.75,0.75,0.75,0.75
1,0.8125,0.8188725490196078,0.8125,0.8125
2,0.78125,0.7890625,0.78125,0.7779654654654655
3,0.96875,0.970486111111111,0.96875,0.9686576354679803
4,1.0,1.0,1.0,1.0
5,0.96875,0.970486111111111,0.96875,0.9686576354679803
6,0.96875,0.970486111111111,0.96875,0.9686576354679803
7,1.0,1.0,1.0,1.0
8,1.0,1.0,1.0,1.0
9,1.0,1.0,1.0,1.0
10,1.0,1.0,1.0,1.0
11,0.96875,0.970703125,0.96875,0.9687805474095796
