Layer,Accuracy,Precision,Recall,F1 Score
0,0.59375,0.5925099206349207,0.59375,0.5925492610837438
1,0.59375,0.6019345238095238,0.59375,0.5925586510263929
2,0.53125,0.5295138888888888,0.53125,0.5298645320197044
3,0.65625,0.6659226190476191,0.65625,0.655241935483871
4,0.75,0.762987012987013,0.75,0.7439271255060729
5,1.0,1.0,1.0,1.0
6,1.0,1.0,1.0,1.0
7,1.0,1.0,1.0,1.0
8,1.0,1.0,1.0,1.0
9,1.0,1.0,1.0,1.0
10,1.0,1.0,1.0,1.0
11,0.96875,0.970703125,0.96875,0.9687805474095796
