Layer,Accuracy,Precision,Recall,F1 Score
0,0.4375,0.43193319838056676,0.4375,0.4330357142857143
1,0.5625,0.5736336032388664,0.5625,0.5590686274509804
2,0.5,0.503921568627451,0.5,0.5
3,0.625,0.6391700404858299,0.625,0.6220588235294118
4,0.75,0.7520242914979757,0.75,0.748015873015873
5,1.0,1.0,1.0,1.0
6,1.0,1.0,1.0,1.0
7,1.0,1.0,1.0,1.0
8,1.0,1.0,1.0,1.0
9,1.0,1.0,1.0,1.0
10,0.96875,0.970703125,0.96875,0.9687805474095796
11,1.0,1.0,1.0,1.0
