Layer,Accuracy,Precision,Recall,F1 Score
0,0.625,0.6299019607843137,0.625,0.625
1,0.84375,0.8444940476190477,0.84375,0.8432881773399015
2,0.75,0.762987012987013,0.75,0.7439271255060729
3,0.84375,0.8444940476190477,0.84375,0.8432881773399015
4,0.71875,0.7234375,0.71875,0.714527027027027
5,1.0,1.0,1.0,1.0
6,1.0,1.0,1.0,1.0
7,1.0,1.0,1.0,1.0
8,1.0,1.0,1.0,1.0
9,1.0,1.0,1.0,1.0
10,1.0,1.0,1.0,1.0
11,1.0,1.0,1.0,1.0
