Layer,Accuracy,Precision,Recall,F1 Score
0,0.59375,0.6019345238095238,0.59375,0.5925586510263929
1,0.6875,0.6875,0.6875,0.6875
2,0.78125,0.8082386363636364,0.78125,0.7733974358974358
3,0.875,0.875,0.875,0.875
4,1.0,1.0,1.0,1.0
5,0.96875,0.970486111111111,0.96875,0.9686576354679803
6,0.9375,0.944078947368421,0.9375,0.9370039682539681
7,1.0,1.0,1.0,1.0
8,1.0,1.0,1.0,1.0
9,1.0,1.0,1.0,1.0
10,0.96875,0.970703125,0.96875,0.9687805474095796
11,0.96875,0.970703125,0.96875,0.9687805474095796
