Layer,Accuracy,Precision,Recall,F1 Score
0,0.59375,0.5921875,0.59375,0.5876501501501502
1,0.65625,0.658203125,0.65625,0.6565860215053763
2,0.59375,0.595703125,0.59375,0.5941471163245358
3,0.875,0.8800607287449392,0.875,0.8740079365079365
4,0.96875,0.970486111111111,0.96875,0.9686576354679803
5,1.0,1.0,1.0,1.0
6,0.96875,0.970486111111111,0.96875,0.9686576354679803
7,1.0,1.0,1.0,1.0
8,1.0,1.0,1.0,1.0
9,1.0,1.0,1.0,1.0
10,1.0,1.0,1.0,1.0
11,0.90625,0.921875,0.90625,0.905975073313783
