Layer,Accuracy,Precision,Recall,F1 Score
0,0.75,0.75,0.75,0.75
1,0.6875,0.6928921568627451,0.6875,0.6875
2,0.84375,0.8546875,0.84375,0.8414039039039038
3,0.90625,0.908203125,0.90625,0.9063416422287389
4,0.96875,0.970486111111111,0.96875,0.9686576354679803
5,0.96875,0.970486111111111,0.96875,0.9686576354679803
6,0.9375,0.944078947368421,0.9375,0.9370039682539681
7,1.0,1.0,1.0,1.0
8,1.0,1.0,1.0,1.0
9,1.0,1.0,1.0,1.0
10,1.0,1.0,1.0,1.0
11,0.96875,0.970703125,0.96875,0.9687805474095796
