Layer,Accuracy,Precision,Recall,F1 Score
0,0.375,0.3779411764705883,0.375,0.375
1,0.71875,0.7299107142857143,0.71875,0.7179252199413491
2,0.53125,0.533203125,0.53125,0.531708211143695
3,0.78125,0.8151041666666666,0.78125,0.7780172413793103
4,0.78125,0.7814980158730158,0.78125,0.7806034482758621
5,1.0,1.0,1.0,1.0
6,1.0,1.0,1.0,1.0
7,1.0,1.0,1.0,1.0
8,1.0,1.0,1.0,1.0
9,1.0,1.0,1.0,1.0
10,0.96875,0.970703125,0.96875,0.9687805474095796
11,1.0,1.0,1.0,1.0
