Layer,Accuracy,Precision,Recall,F1 Score
0,0.875,0.875,0.875,0.875
1,0.78125,0.7814980158730158,0.78125,0.7806034482758621
2,0.90625,0.9203125,0.90625,0.9048423423423424
3,0.9375,0.944078947368421,0.9375,0.9370039682539681
4,0.96875,0.970486111111111,0.96875,0.9686576354679803
5,1.0,1.0,1.0,1.0
6,0.96875,0.970486111111111,0.96875,0.9686576354679803
7,1.0,1.0,1.0,1.0
8,1.0,1.0,1.0,1.0
9,1.0,1.0,1.0,1.0
10,1.0,1.0,1.0,1.0
11,1.0,1.0,1.0,1.0
