Layer,Accuracy,Precision,Recall,F1 Score
0,0.75,0.7520242914979757,0.75,0.748015873015873
1,0.84375,0.8546875,0.84375,0.8414039039039038
2,0.9375,0.9375,0.9375,0.9375
3,0.9375,0.944078947368421,0.9375,0.9370039682539681
4,0.9375,0.944078947368421,0.9375,0.9370039682539681
5,0.96875,0.970486111111111,0.96875,0.9686576354679803
6,0.96875,0.970486111111111,0.96875,0.9686576354679803
7,1.0,1.0,1.0,1.0
8,1.0,1.0,1.0,1.0
9,1.0,1.0,1.0,1.0
10,1.0,1.0,1.0,1.0
11,1.0,1.0,1.0,1.0
